topic_id,topic_name,onhot_duration,hot_value,record_time
1,深圳新增本土确诊1例,53,181257,"2021-6-22 03:52"
10,22日新增24例确诊均为境外输入,166,2975727,"2021-6-23 12:23"
100,云南无新增本土确诊,31,204073,"2021-7-16 09:11"
1000,给自己做核酸检测的仓鼠,11,282353,"2021-8-16 23:59"
1001,商丘12例新冠肺炎病例活动轨迹公布,5,214890,"2021-8-16 23:59"
1002,江苏新增本土确诊3例,113,636477,"2021-8-17 10:58"
1003,上海疫情防控交出一份模范作业,164,566299,"2021-8-18 12:03"
1004,谢谢你中国医生,49,311714,"2021-8-18 19:24"
1005,上海1地调为中风险地区,1,217986,"2021-8-18 19:24"
1006,武汉全员核酸检测发现网上逃犯,203,1227055,"2021-8-18 19:34"
1007,新疆3例无症状基因测序为德尔塔毒株,99,770876,"2021-8-18 20:41"
1008,上海松江中心医院一女护士确诊,123,838976,"2021-8-18 20:53"
1009,上海疫情防控工作发布会,78,454714,"2021-8-18 22:08"
101,我国新冠疫苗年产能达到50亿剂,78,293187,"2021-7-16 13:16"
1010,江苏新增3例本土确诊病例,156,759123,"2021-8-19 11:53"
1011,云南疫情,144,753768,"2021-8-19 12:37"
1012,郑州连续14天无新增病例才能开学,119,568977,"2021-8-19 16:01"
1013,无锡通报1例确诊密接者轨迹,167,734035,"2021-8-19 17:51"
1014,全国新冠疫苗接种剂次超19亿,465,638697,"2021-8-19 22:54"
1015,一女子不配合防疫向志愿者扔西瓜,140,450517,"2021-8-20 10:55"
1016,31省区市新增4例本土确诊,51,259335,"2021-8-20 10:59"
1017,上海公布18日确诊本土病例溯源情况,30,281566,"2021-8-20 14:39"
1018,上海18日确诊者感染德尔塔变异株,241,842191,"2021-8-20 17:45"
1019,疫情下的留学生困境,82,259562,"2021-8-20 18:12"
102,新冠疫苗接种遵循自愿原则,157,1112170,"2021-7-16 23:59"
1020,多地通知未接种疫苗致感染将追责,144,552532,"2021-8-20 20:09"
1021,中高风险地区学校暂缓开学,118,362101,"2021-8-20 21:57"
1022,上海新增2例新冠确诊1,312,1027048,"2021-8-20 23:59"
1023,湖北的健康码叫什么,230,975965,"2021-8-20 23:59"
1024,江苏新增本土确诊1例,138,494615,"2021-8-21 11:44"
1025,湖北新增本土确诊1例,135,395215,"2021-8-21 11:52"
1026,武汉江岸区发现1人核酸阳性,116,596965,"2021-8-21 18:13"
1027,核酸检测员配备防暑神器,33,280742,"2021-8-21 18:35"
1028,云南新增境外输入确诊病例7例,39,251027,"2021-8-22 10:30"
1029,17岁女子未戴口罩殴打防疫人员被拘留,198,855253,"2021-8-22 14:01"
103,新冠灭活疫苗获批在3至17岁人群使用,221,749400,"2021-7-16 23:59"
1030,钟南山称中国疫苗加强针实验效果很好,333,1877503,"2021-8-22 16:59"
1031,钟南山研判是否需要打第三针疫苗,175,728279,"2021-8-22 23:59"
1032,北京环球度假区游玩防疫指南,19,276022,"2021-8-22 23:59"
1033,平邑发现1例入境确诊治愈后复阳人员,65,295313,"2021-8-23 08:42"
1034,江苏无新增本土病例,32,259198,"2021-8-23 10:49"
1035,上海浦东机场5例本土溯源结果,223,839774,"2021-8-23 22:22"
1036,31省区市新增1例本土确诊,37,279133,"2021-8-24 10:06"
1037,东京都新冠疫情达灾害级别,81,299351,"2021-8-24 11:01"
1038,浙江新增7例境外输入确诊,99,614821,"2021-8-24 11:45"
1039,国产疫苗对德尔塔总体保护率接近60%,139,951277,"2021-8-24 21:51"
104,青少年接种疫苗与成年人有区别吗,54,354758,"2021-7-17 23:59"
1040,"张伯礼 本轮疫情拐点将出现",35,584972,"2021-8-24 23:59"
1041,张家界全域降为低风险,130,1015999,"2021-8-25 09:44"
1042,上海新增2例新冠确诊2,233,2980727,"2021-8-25 12:06"
1043,扬州1例核酸结果异常复核为阳性,147,859549,"2021-8-26 23:59"
1044,南京禄口机场疫情仅次于武汉疫情,32,670159,"2021-8-26 23:59"
1045,上海新增本土确诊1例,167,926645,"2021-8-27 11:43"
1046,我国本轮疫情已经得到有效控制,367,7299642,"2021-8-27 21:43"
1047,我国新冠疫苗接种超20亿剂次,485,856201,"2021-8-27 23:39"
1048,接种新冠疫苗不能跟中小学生入学挂上钩,205,2137793,"2021-8-27 23:59"
1049,接种疫苗超6个月是否要打加强针,281,1691262,"2021-8-27 23:59"
105,云南新增5例本土确诊病例,182,291947,"2021-7-19 10:46"
1050,中国疫苗接种增长动态图,398,163855,"2021-8-28 07:42"
1051,扬州新增1例确诊来自封控小区,531,585069,"2021-8-28 09:05"
1052,奶奶测核酸姿势不标准爷爷着急示范,259,583834,"2021-8-28 22:46"
1053,云南新增1确诊第13次核酸为阳性,58,676997,"2021-8-28 23:59"
1054,郑州全面解封,157,207357,"2021-8-29 11:19"
1055,28日新增确诊病例33例均为境外输入,285,591151,"2021-8-29 14:56"
1056,高风险地区清零,125,256910,"2021-8-29 18:24"
1057,新研究称新冠病毒或一周突变一次,160,394768,"2021-8-30 12:12"
1058,美病毒溯源报告是政治报告甩锅报告虚假报告,33,245224,"2021-8-30 19:23"
1059,31省区市连续3天无新增本土确诊,87,269997,"2021-8-31 10:52"
106,赵立坚问疫情溯源时为什么美国去不得,32,448536,"2021-7-19 18:31"
1060,山东滨州2例炭疽确诊病例详情,81,236912,"2021-9-1 12:31"
1061,全国有4个中风险地区,209,549620,"2021-9-4 10:37"
1062,新冠疫苗加强针要不要打,577,1518678,"2021-9-4 17:03"
1063,莱科宁新冠阳性,143,228229,"2021-9-4 19:36"
1064,广州新增本土无症状1例,107,1907423,"2021-9-4 23:59"
1065,广州越秀区连夜开展核酸检测,95,902630,"2021-9-4 23:59"
1066,广州新增阳性与境外输入病例高度同源,292,579693,"2021-9-5 17:22"
1067,全国新冠疫苗接种剂次超21亿,286,345103,"2021-9-5 20:31"
1068,广州越秀新冠肺炎无症状感染者所感染毒株为德尔塔,396,368322,"2021-9-5 21:43"
1069,广东新增本土无症状1例,359,902785,"2021-9-6 13:32"
107,云南新增41例境外输入确诊,155,552741,"2021-7-20 10:50"
1070,广州3区14个街全员核酸均为阴性,138,288117,"2021-9-6 21:43"
1071,世卫组织称缪毒株或让疫苗失效,140,340833,"2021-9-6 22:57"
1072,新冠变异缪毒株或有更高疫苗耐受性,192,515251,"2021-9-6 23:59"
1073,西南大学一学生核酸检测结果异常,495,3654608,"2021-9-7 16:10"
1074,我国超9.69亿人完成新冠疫苗全程接种,272,186862,"2021-9-8 07:44"
1075,乔一成隐瞒病情,485,207385,"2021-9-8 08:04"
1076,31省区市无新增本土确诊,104,196676,"2021-9-8 11:12"
1077,香港一名80后打疫苗抽中千万豪宅,72,2414043,"2021-9-8 23:59"
1078,郑州小区居民拉3车冰块给医护降温,105,908106,"2021-08-01 1"
108,清远新增1例境外输入关联无症状感染者,32,682431,"2021-7-20 13:11"
109,广东清远一护士感染阿尔法变异株,208,4120292,"2021-7-20 14:28"
11,台湾新增104例新冠肺炎确诊病例,71,416104,"2021-6-23 16:52"
110,浙江将疫苗接种纳入健康码管理,115,935610,"2021-7-20 20:37"
111,江苏新增本土无症状1例,62,810218,"2021-7-21 11:04"
112,南京通报7例本土确诊病例情况,32,880228,"2021-7-21 12:00"
113,江苏新增本土确诊7例,99,897687,"2021-7-21 12:05"
114,江苏境外输入确诊病例新增2例,33,1023310,"2021-7-21 13:13"
115,南京核酸检测现场,139,1116045,"2021-7-21 15:47"
116,南京21日起开展全员核酸检测,96,609745,"2021-7-21 22:50"
117,南京新增6例本土无症状,32,529891,"2021-7-21 23:19"
118,南京新增本土确诊2例,90,1270409,"2021-7-21 23:59"
119,南京核酸检测间隙护士跪地吹风扇,32,402688,"2021-7-22 08:27"
12,德尔塔毒株究竟有多厉害,32,275860,"2021-6-23 18:13"
120,8旬教授核酸检测现场弹奏钢琴,32,396434,"2021-7-22 08:41"
121,31省区市新增50例确诊,32,420162,"2021-7-22 09:24"
122,南京全市开展核酸检测,31,383141,"2021-7-22 10:21"
123,新冠病毒溯源情况发布会,32,408754,"2021-7-22 10:47"
124,浙江新增1例台湾输入无症状感染者,34,479091,"2021-7-22 10:52"
125,新冠病毒或2019年10月即在欧洲传播,291,4896890,"2021-7-22 12:04"
126,江苏新增11例本土确诊,331,1241419,"2021-7-22 14:17"
127,南京疫情防控新闻发布会,37,289676,"2021-7-22 14:53"
128,山东发现首例输入性德尔塔毒株感染者,304,1919860,"2021-7-22 16:57"
129,南京已诊断出13例确诊,213,2029792,"2021-7-22 18:10"
13,台湾地区新冠致死率远超全球平均水平,121,591776,"2021-6-23 19:11"
130,这是南京医护人员忙碌后的睡姿,49,347372,"2021-7-22 18:10"
131,应把冷链作为新冠病毒溯源的重要线索,31,338115,"2021-7-22 18:41"
132,广州疫情,45,1892223,"2021-7-22 20:25"
133,沈阳疫情,65,2927244,"2021-7-22 23:59"
134,辽宁新增1例本土无症状,74,1271985,"2021-7-22 23:59"
135,广东中山发现1例无症状感染者,123,255097,"2021-7-23 02:02"
136,江苏医务人员连夜集结支援南京,114,763206,"2021-7-23 10:07"
137,云南7月22日新增境外输入确诊病例13例,35,309857,"2021-7-23 10:16"
138,泗阳核酸检测,100,306586,"2021-7-23 11:42"
139,安徽新增无症状1例,194,674751,"2021-7-23 12:04"
14,感染德尔塔变异毒株症状更像重感冒,32,246090,"2021-6-23 19:26"
140,江苏新增12例本土确诊,186,1323060,"2021-7-23 12:35"
141,南京确诊病例中绝大部分打过疫苗,135,3258154,"2021-7-23 12:53"
142,累计106名东京奥运相关人员感染新冠,32,512715,"2021-7-23 13:09"
143,106名东京奥运相关人员感染新冠,32,506714,"2021-7-23 13:18"
144,南京95后医生的手,242,1064632,"2021-7-23 13:52"
145,以色列称辉瑞疫苗预防有效率降至39%,102,863887,"2021-7-23 13:57"
146,南京全员核酸检测十二时辰,32,467415,"2021-7-23 14:33"
147,北京研发全球首个14价HPV疫苗,173,1469209,"2021-7-23 14:39"
148,小朋友从家里搬电扇给检测医护吹风,47,479947,"2021-7-23 14:41"
149,南京确诊患者没有重症病例出现,138,1348885,"2021-7-23 14:53"
15,新冠疫情在以色列重新暴发,114,311698,"2021-6-23 20:03"
150,南京集体核酸筛查暂不出具检测报告,31,411955,"2021-7-23 14:59"
151,吉林省新增二例境外输入无症状感染者,31,321703,"2021-7-23 18:20"
152,南京核酸检测人员一天喝7瓶水未上厕所,222,1274825,"2021-7-23 18:22"
153,我国新冠疫苗接种剂次超15亿,244,1121739,"2021-7-23 19:09"
154,江苏疫情这些谣言别信,32,371152,"2021-7-23 19:18"
155,沈阳1例无症状感染者系南京企业员工,48,375086,"2021-7-23 19:20"
156,南京本轮疫情已有确诊23例无症状14例,150,1297802,"2021-7-23 23:59"
157,18岁的夏天他们都是核酸检测志愿者,32,487832,"2021-7-24 01:16"
158,江苏新增12例本土病例,33,494833,"2021-7-24 10:05"
159,绵阳通报确诊病例详情,32,406659,"2021-7-24 10:29"
16,广州多地降为低风险地区,215,751522,"2021-6-23 23:50"
160,四川疫情,123,1329203,"2021-7-24 11:44"
161,南京黄码,116,707898,"2021-7-24 11:47"
162,123名奥运相关人员新冠检测呈阳性,32,548003,"2021-7-24 12:19"
163,南京现有1个高风险20个中风险地区,159,550360,"2021-7-24 12:53"
164,四川新增1例本土确诊,266,1998406,"2021-7-24 13:59"
165,南京35例本土病例生命体征平稳,139,1841690,"2021-7-24 15:35"
166,南京共有本土确诊病例35例,76,1321042,"2021-7-24 16:43"
167,东京奥运会首次出现完赛选手确诊新冠,40,737351,"2021-7-24 17:31"
168,南京新冠肺炎感染者增至53例,91,804291,"2021-7-24 17:41"
169,南京三次核酸呈阴性可恢复绿码,70,1334533,"2021-7-24 17:51"
17,广州高风险区居民揭秘隔离生活,33,488163,"2021-6-23 23:59"
170,南医大300名学生投身核酸检测一线,35,604672,"2021-7-24 18:38"
171,沈阳新增1例本土确诊,73,796307,"2021-7-24 22:51"
172,医生手绘漫画宣传抗疫知识,31,834340,"2021-7-24 23:17"
173,护士结束14小时核酸检测后跳起了舞,31,755918,"2021-7-24 23:53"
174,云南新增境外输入确诊病例6例,31,381289,"2021-7-25 10:03"
175,31省区市新增32例确诊,31,396543,"2021-7-25 10:07"
176,广东新增1例本土确诊,154,848516,"2021-7-25 10:13"
177,绵阳疫情,143,424077,"2021-7-25 12:26"
178,南京核酸检测人员累倒在椅子上入眠,32,336350,"2021-7-25 12:50"
179,芜湖疫情,206,716944,"2021-7-25 13:23"
18,印度很可能遭遇第三波疫情,207,2011230,"2021-6-24 13:21"
180,奥运相关人员新增新冠确诊病例10例,31,495527,"2021-7-25 13:25"
181,江苏新增本土确诊2例,84,507595,"2021-7-25 13:50"
182,南京首轮全员检测发现57例阳性,179,1167769,"2021-7-25 14:58"
183,四川泸州新增1例无症状感染者,36,748978,"2021-7-25 18:31"
184,南京26日起坐公交需验看健康码,35,698844,"2021-7-25 20:43"
185,珠海新增1例无症状,63,377427,"2021-7-26 08:52"
186,珠海全市全员核酸检测,108,1199120,"2021-7-26 09:20"
187,31省区市新增76例确诊,32,456596,"2021-7-26 09:33"
188,宿迁新增1例本土确诊,106,448889,"2021-7-26 11:13"
189,珠海疫情,205,1894251,"2021-7-26 11:17"
19,广州出现最短14秒传播病例,325,2068945,"2021-6-24 16:06"
190,东京奥运获奖者可不戴口罩30秒拍照,158,955399,"2021-7-26 12:01"
191,南京禄口街道全面启动第三轮核酸检测,32,699642,"2021-7-26 12:19"
192,南京新增38例本土确诊,220,2384236,"2021-7-26 12:44"
193,南京举行新冠肺炎疫情防控新闻发布会,49,638195,"2021-7-26 12:50"
194,南京2例确诊病例轻型转重型,223,3353460,"2021-7-26 15:00"
195,珠海无症状感染者活动轨迹公布,31,415630,"2021-7-26 15:03"
196,南京所有景区户外活动全部临时关停,31,648735,"2021-7-26 17:43"
197,南京一确诊病例曾到山东日照旅游,35,849886,"2021-7-26 18:01"
198,无锡300名医护人员连夜集结支援南京,28,588001,"2021-7-26 18:28"
199,东京奥运会现首例赛后新冠阳性,107,1018920,"2021-7-26 18:44"
2,深圳疫情,295,126882,"2021-6-22 07:36"
20,广州荔湾白鹤洞街调整为中风险地区,122,391324,"2021-6-24 16:15"
200,南京核酸采样点风雨中坚守,32,659020,"2021-7-26 18:52"
201,扬州两地小区实行封闭式管理,31,666361,"2021-7-26 18:54"
202,出租车不得离开南京,31,691760,"2021-7-26 18:56"
203,北京普惠健康保来了,30,645318,"2021-7-26 19:02"
204,南京三名确诊病例从事高校宿管工作,214,1429744,"2021-7-26 21:02"
205,泸州无症状感染者溯源结果出炉,31,498734,"2021-7-26 21:37"
206,南京加强交通运输疫情管控,32,491040,"2021-7-26 22:48"
207,大连疫情,144,1587365,"2021-7-26 23:39"
208,南京疫情传播链再延长,131,1406153,"2021-7-26 23:48"
209,大连新增3例本土无症状,21,580479,"2021-7-26 23:59"
21,四川健康码上新6款旅行熊猫,654,1463107,"2021-6-24 18:24"
210,南京发文强化小区自然村疫情防控,26,579810,"2021-7-26 23:59"
211,南京疫情已关联5省9市,473,901890,"2021-7-27 07:53"
212,南京江北新区公共文旅体场所暂停营业,54,259040,"2021-7-27 08:07"
213,辽宁沈阳发现11份环境样本核酸为阳性,539,967561,"2021-7-27 08:59"
214,31省区市新增71例确诊,32,368532,"2021-7-27 09:54"
215,南京疫情可能叠加汛情,211,1927813,"2021-7-27 10:57"
216,南京疫情传播链条仍未完全查清阻断,56,432088,"2021-7-27 11:24"
217,南京新增本土确诊31例,196,1290683,"2021-7-27 12:26"
218,接种第三剂疫苗后中和抗体显著提高,105,1643548,"2021-7-27 13:12"
219,南京本土确诊病例达106例,32,847654,"2021-7-27 13:44"
22,广州地铁什么时候恢复正常,198,449367,"2021-6-24 19:18"
220,南京市部分区域疫情风险等级调整,32,829829,"2021-7-27 13:46"
221,南京1例无症状感染者曾在重庆停留5天,107,1138401,"2021-7-27 14:36"
222,南京疫情毒株为德尔塔毒株,216,3038467,"2021-7-27 14:42"
223,南京新增31例集中在重点管控区,32,643658,"2021-7-27 15:08"
224,南京1例确诊是出租车司机,127,1985143,"2021-7-27 15:21"
225,南京112例感染者分布在全市八个区,210,1725795,"2021-7-27 17:32"
226,南京急寻23日至26日去过该诊所人员,188,2384767,"2021-7-27 22:50"
227,辽宁疫情,41,576577,"2021-7-27 23:05"
228,沈阳大连各增1例本土确诊,73,790432,"2021-7-27 23:10"
229,沈阳新增本土确诊行程轨迹,32,739798,"2021-7-27 23:27"
23,兰州新增1例新冠肺炎确诊病例,258,876410,"2021-6-24 20:44"
230,苏州昆山通报1例确诊病例密接者,92,1489885,"2021-7-27 23:59"
231,南京禄口机场疫情传播链增至125人,64,1423569,"2021-7-27 23:59"
232,德尔塔病毒载量为去年流行病株1260倍,83,1137391,"2021-7-28 08:44"
233,扬州疫情,41,1376480,"2021-7-28 08:56"
234,云南新增境外输入确诊16例,32,484903,"2021-7-28 09:18"
235,全国有5个高风险41个中风险,32,456940,"2021-7-28 10:02"
236,南京中高风险地区为隔离民众调配生活物资,96,529358,"2021-7-28 10:06"
237,四川发布疫情防控紧急通知,165,1604496,"2021-7-28 10:37"
238,31省区市新增本土病例55例,32,544022,"2021-7-28 10:47"
239,南京辟谣公交查出红码乘客,33,788326,"2021-7-28 11:00"
24,广东人对绿码的信仰,364,739098,"2021-6-24 21:04"
240,成都新增3例新冠本土病例,44,1039193,"2021-7-28 11:04"
241,南京介绍疫情防控情况,32,507536,"2021-7-28 11:15"
242,南京新增47例本土确诊,36,672181,"2021-7-28 11:16"
243,江苏新增本土病例48例,76,1567572,"2021-7-28 11:30"
244,浙江健康码上新,38,578985,"2021-7-28 11:50"
245,杭州健康码显示疫苗接种信息,89,1183630,"2021-7-28 12:02"
246,南京累计报告155例感染者,32,493322,"2021-7-28 12:06"
247,成都3例本土病例活动轨迹,33,788882,"2021-7-28 12:29"
248,南京7天内确诊超百例,176,2890846,"2021-7-28 13:24"
249,南京江宁回应封闭区域发菜不发外地人,39,971312,"2021-7-28 14:52"
25,上海打疫苗有多内卷,45,542138,"2021-6-24 23:59"
250,成都一家三口确诊新冠肺炎,113,1634299,"2021-7-28 15:22"
251,南京疫情已有4例重症,215,1929181,"2021-7-28 17:16"
252,4例感染者曾同看一场魅力湘西,252,4868619,"2021-7-28 17:36"
253,重庆疫情,39,956568,"2021-7-28 18:30"
254,淮安与南京确诊病例密接者核酸均阴性,38,795162,"2021-7-28 18:33"
255,南京疫情德尔塔病毒传播能力有多强,36,764152,"2021-7-28 19:28"
256,打疫苗后再用吸入疫苗可加强免疫,130,2416076,"2021-7-28 21:42"
257,东京日增新冠病例首次超3000例,199,1346300,"2021-7-28 21:49"
258,成都召开疫情防控工作发布会,33,665335,"2021-7-28 22:17"
259,成都疫情,329,4512419,"2021-7-28 22:42"
26,广州解封市民形容心情就像马狂奔,25,272711,"2021-6-24 23:59"
260,成都新增5例本土确诊详情,53,713905,"2021-7-28 23:07"
261,成都新增5例本土确诊病例,162,1743848,"2021-7-28 23:59"
262,张家界疫情,78,1634853,"2021-7-28 23:59"
263,陈薇团队吸入用新冠疫苗获权威认可,167,1370277,"2021-7-28 23:59"
264,南京1657名机场关联人员14天居家监测,19,915463,"2021-7-28 23:59"
265,全国有5个高风险47个中风险,68,908679,"2021-7-28 23:59"
266,南京开展第3轮全员核酸检测,32,518551,"2021-7-29 08:45"
267,北京新增京外关联本地确诊1例,71,1036712,"2021-7-29 09:34"
268,扬州新增2例本土病例,35,706727,"2021-7-29 09:43"
269,江苏新增本土确诊20例,49,709768,"2021-7-29 09:46"
27,德尔塔变异毒株有多毒,19,239079,"2021-6-24 23:59"
270,南京新增本土确诊18例,104,1423358,"2021-7-29 10:39"
271,长沙新增1例核酸阳性者,103,1519546,"2021-7-29 11:30"
272,南京第九场新冠肺炎疫情防控新闻发布会,31,781255,"2021-7-29 11:33"
273,南京疫情已有7例重型患者,133,1987215,"2021-7-29 11:57"
274,成都本轮疫情病例关系图,31,1128811,"2021-7-29 12:05"
275,南京7例重症患者病情尚平稳,29,1095612,"2021-7-29 12:13"
276,南京3密接者曾在北京乘火车地铁,29,1116323,"2021-7-29 12:15"
277,北京疫情1,207,1230123,"2021-7-29 12:16"
278,南京累计报告173例感染者,29,1093196,"2021-7-29 12:19"
279,南京7天确诊超150例,29,1103564,"2021-7-29 12:20"
28,广州阿姨解封后立即回乡吃荔枝,14,236883,"2021-6-24 23:59"
280,奥运相关人员新增新冠确诊病例24例,29,1012622,"2021-7-29 12:36"
281,四川健康码熊猫戴口罩了,49,1135593,"2021-7-29 12:39"
282,苏康码崩了,127,1739395,"2021-7-29 12:47"
283,成都市民连夜排队核酸检测,28,1335237,"2021-7-29 12:48"
284,南京核酸采样涉疫医废日产日清,30,1336099,"2021-7-29 12:51"
285,扬州2例南京关联病例活动轨迹,31,1284749,"2021-7-29 13:44"
286,31省区市新增本土确诊24例,32,1034890,"2021-7-29 14:10"
287,南京高风险地区核酸采取1比1单检,31,1027825,"2021-7-29 14:39"
288,淮安4名核酸阳性人员活动轨迹,48,1041970,"2021-7-29 14:54"
289,南京防疫工作进入关键时期,68,1014780,"2021-7-29 15:01"
29,兰州疫情,10,191649,"2021-6-25 00:14"
290,南京疫情已关联6省13市,33,774220,"2021-7-29 15:23"
291,北京新增2例京外关联本土确诊,52,835859,"2021-7-29 15:40"
292,全国新冠疫苗接种剂次超16亿,33,796957,"2021-7-29 16:00"
293,南京回应疫情期间物价上涨问题,54,720102,"2021-7-29 16:57"
294,北京初步判断确诊密接654人,106,844127,"2021-7-29 16:59"
295,成都一确诊病例密接遂宁活动轨迹,105,1325790,"2021-7-29 17:00"
296,北京确诊病例曾乘坐地铁9号线4号线13号线,128,1192180,"2021-7-29 17:19"
297,南京市民出现这些症状请规范就诊,47,629184,"2021-7-29 17:47"
298,东京都新增确诊3865例,31,511666,"2021-7-29 18:18"
299,张家界确诊1例本土病例,83,936335,"2021-7-29 19:04"
3,广东疫情,527,263699,"2021-6-22 08:46"
30,中国医生,54,306054,"2021-6-25 13:29"
300,北京新增2例确诊为夫妻,28,612225,"2021-7-29 19:47"
301,中国向世界提供疫苗超7亿剂,31,487608,"2021-7-29 20:01"
302,张家界疫情防控新闻发布会,33,734945,"2021-7-29 21:01"
303,张家界关联病例已超10例,31,726191,"2021-7-29 21:20"
304,我国新冠疫苗接种数据看燃了,64,800039,"2021-7-29 21:54"
305,本土感染者平均在张家界停留5天,32,604223,"2021-7-29 22:25"
306,北京昌平已核酸采样超3.8万人,31,571755,"2021-7-29 23:21"
307,成都高新12万余人核酸采样完成,30,517614,"2021-7-29 23:35"
308,本轮疫情或已形成南京张家界传播双中心,124,3461379,"2021-7-29 23:59"
309,北京确诊病例业主群内给邻居们道歉,46,1947702,"2021-7-29 23:59"
31,HPV疫苗是如何起作用的,197,925562,"2021-6-25 15:00"
310,30日起离开株洲须24小时内核酸阴性,39,500822,"2021-7-30 08:44"
311,成都一装修师傅滞留封闭小区后,525,735196,"2021-7-30 08:46"
312,云南新增境外输入确诊21例,32,543317,"2021-7-30 09:05"
313,株洲2例阳性曾与成都确诊同乘游船,31,507978,"2021-7-30 09:15"
314,31省区市新增本土确诊21例,31,560521,"2021-7-30 09:25"
315,淮安新增本土确诊1例,31,606589,"2021-7-30 09:44"
316,南京新增本土确诊13例,32,573880,"2021-7-30 10:20"
317,南京累计报告本土确诊184例,30,556150,"2021-7-30 10:22"
318,株洲2名无症状感染者活动轨迹,30,538612,"2021-7-30 10:27"
319,扬州新增4例本土确诊,100,738715,"2021-7-30 10:45"
32,印度数百人在假接种点被注射不明物质,159,541429,"2021-6-25 23:14"
320,江苏新增本土确诊18例,115,1418665,"2021-7-30 10:47"
321,长沙张家界各新增1例确诊,62,635156,"2021-7-30 10:49"
322,疫苗对德尔塔病毒仍有防范作用,31,630699,"2021-7-30 10:53"
323,湖南益阳发现1例新冠阳性,30,601606,"2021-7-30 11:00"
324,借疫情甩锅推责的政治病毒也需要溯源,39,604836,"2021-7-30 11:09"
325,湖南新增无症状感染者5例,43,606008,"2021-7-30 11:12"
326,重庆新增2例本土确诊,105,1089825,"2021-7-30 11:21"
327,湖南疫情,94,996246,"2021-7-30 11:22"
328,北京请市民近期尽量减少出京,91,969772,"2021-7-30 11:32"
329,南京本轮疫情为同一个传播链,32,783095,"2021-7-30 12:09"
33,我国超6.3亿人接种新冠疫苗,129,3426646,"2021-6-25 23:59"
330,北京2例确诊在长沙买茶颜悦色,206,6404540,"2021-7-30 12:26"
331,厦门通报4人核酸阳性,116,1453123,"2021-7-30 12:34"
332,南京禄口机场暂停国内国际航线,64,787111,"2021-7-30 12:39"
333,扬州4例南京关联确诊病例轨迹,32,827964,"2021-7-30 12:41"
334,南京疫情源头是俄罗斯入境航班,175,2830275,"2021-7-30 14:38"
335,南京疫情传播链增至226人,51,791018,"2021-7-30 15:41"
336,坚决防止疫情通过出入境渠道传播,31,807204,"2021-7-30 16:01"
337,德尔塔毒株无接触14秒即可感染,189,2425481,"2021-7-30 16:14"
338,所有在株人员非必要不离开株洲,32,838345,"2021-7-30 16:33"
339,国产新冠疫苗对德尔塔毒株仍有效,33,856752,"2021-7-30 16:34"
34,广东连续4天无新增本土确诊,153,485256,"2021-6-26 10:51"
340,湖南新增1例确诊曾接触江苏旅游团,33,843829,"2021-7-30 17:51"
341,网传杭州拱墅区出现新冠疫情系谣言,32,698443,"2021-7-30 17:52"
342,辽宁沈阳新增1例本土确诊,32,617545,"2021-7-30 20:38"
343,厦门启动三级应急响应,34,766970,"2021-7-30 20:59"
344,厦门一小区被列为中风险地区,37,614579,"2021-7-30 21:13"
345,株洲新增6例无症状都曾去过湘江欢乐城,89,1383664,"2021-7-30 21:14"
346,厦门疫情防控新闻发布会,32,464288,"2021-7-30 21:33"
347,全球新冠感染人数将达2亿,37,566551,"2021-7-31 08:12"
348,湖南张家界新增3例本土确诊,120,1108750,"2021-7-31 09:33"
349,云南新增境外输入确诊病例9例,32,466307,"2021-7-31 09:57"
35,6月30日前广州将再完成新一轮全员核酸,213,449341,"2021-6-26 13:04"
350,银川新增1例确诊病例,134,889346,"2021-7-31 10:19"
351,31省区市新增30例本土确诊,55,466464,"2021-7-31 10:29"
352,郑州新增1例无症状感染者,204,3468650,"2021-7-31 10:45"
353,湖南株洲新增8例无症状感染者,32,445013,"2021-7-31 11:10"
354,湖南新增本土确诊6例,70,1075985,"2021-7-31 11:15"
355,浙江疫情,40,917696,"2021-7-31 11:15"
356,福建新增1例本土确诊,33,629151,"2021-7-31 11:41"
357,南京市新增本土确诊病例6例,32,487042,"2021-7-31 11:50"
358,南京累计报告本土确诊190例,31,508501,"2021-7-31 12:07"
359,专家回应江苏近日重型病例增多情况,32,841410,"2021-7-31 12:17"
36,广州将建国际健康驿站代替隔离酒店,227,267522,"2021-6-26 14:58"
360,郑州新增无症状曾在产科就诊,133,598389,"2021-7-31 12:37"
361,南京新增2个中风险地区,32,570304,"2021-7-31 12:56"
362,江苏新增19例本土确诊,225,4784482,"2021-7-31 13:00"
363,郑州开展全员核酸检测,32,619025,"2021-7-31 13:04"
364,长沙新增阳性曾与北京确诊共同就餐,142,1816760,"2021-7-31 13:08"
365,扬州新增10例本土确诊,206,1268607,"2021-7-31 13:10"
366,南京市新冠肺炎感染者增至191例,33,679434,"2021-7-31 13:15"
367,进京无核酸证明将被劝返为假消息,41,885059,"2021-7-31 13:32"
368,南京8月初恢复第二针新冠疫苗接种,95,1773921,"2021-7-31 13:36"
369,湖北黄冈红安县一8岁男童核酸检测阳性,137,724666,"2021-7-31 13:52"
37,钟南山呼吁未成年人和老人加强疫苗接种,454,1689636,"2021-6-26 15:00"
370,福建新增3例确诊,36,710593,"2021-7-31 14:09"
371,超过8周接种第二剂疫苗也能产生抗体,32,541380,"2021-7-31 14:30"
372,扬州新增10例中有9例在棋牌室打过牌,120,1064603,"2021-7-31 14:39"
373,郑州1地升为高风险3地中风险,66,569947,"2021-7-31 14:39"
374,南京通报新增6例本土病例详情,60,549148,"2021-7-31 14:47"
375,四川一次密接因拒绝隔离被行拘,105,1248263,"2021-7-31 15:00"
376,直击郑州全员核酸检测,32,676326,"2021-7-31 15:52"
377,中疾控提醒暂缓高中风险地区旅行,31,715610,"2021-7-31 16:05"
378,德尔塔毒株或导致更严重疾病,219,6264927,"2021-7-31 16:16"
379,本月新增本土病例接近此前5个月总和,59,680190,"2021-7-31 16:21"
38,钟南山说德尔塔病毒载量比普通株高10倍,33,280374,"2021-6-26 20:00"
380,德尔塔变异株是目前主要传播毒株,31,624353,"2021-7-31 16:21"
381,北京疫情2,121,1303961,"2021-7-31 16:23"
382,德尔塔病毒传播能力,31,610826,"2021-7-31 16:33"
383,专家回应打完疫苗仍被感染,31,677155,"2021-7-31 16:35"
384,南京第三轮核酸检测结果已出,36,732470,"2021-7-31 16:36"
385,疫苗接种必须和严格防控措施并用,32,736420,"2021-7-31 16:47"
386,各种变异株仍在现有疫苗可控范围内,32,713938,"2021-7-31 16:56"
387,南京疫情重症患者大部分有基础性疾病,32,715967,"2021-7-31 16:57"
388,南京疫情关联病例已累计报告262例,32,713378,"2021-7-31 16:59"
389,大哥扛着空调到核酸检测点3小时装好 ,72,767257,"2021-7-31 17:04"
39,广东接种过疫苗感染者均未发生重症,275,680080,"2021-6-26 21:45"
390,南京此轮疫情有三个特点,32,709621,"2021-7-31 17:06"
391,南京病例转重症平均5天,30,672408,"2021-7-31 17:09"
392,南京此轮疫情短期内仍有扩散风险,99,1147719,"2021-7-31 17:34"
393,郑州发现多例疑似病例,322,2470423,"2021-7-31 17:38"
394,南京疫情重症患者均感染德尔塔变异株,148,1612388,"2021-7-31 18:50"
395,感染德尔塔患者住院风险增加2.6倍,35,736115,"2021-7-31 19:38"
396,江苏有确诊病例地区停止学生暑托服务,84,1370392,"2021-7-31 19:44"
397,张家界首发病例与南京禄口机场疫情相关,144,1723150,"2021-7-31 20:25"
398,疫情中高风险地区汇总,32,556698,"2021-7-31 20:37"
399,南京市民向抗疫一线捐100箱鸭血粉丝汤,49,885073,"2021-7-31 20:52"
4,广东新增2例本土确诊病例,214,569176,"2021-6-22 11:56"
40,广州全市均为低风险地区,367,636180,"2021-6-26 22:19"
400,打疫苗后又被感染系突破病例,299,2559291,"2021-7-31 21:36"
401,河南郑州新冠肺炎疫情防控新闻发布会,37,935005,"2021-7-31 22:01"
402,南京警方通报3起妨害传染病防治案,85,935829,"2021-7-31 22:22"
403,郑州通报11例确诊病例,29,583112,"2021-7-31 22:40"
404,湖南湘西自治州新增1例确诊病例,30,560941,"2021-7-31 22:43"
405,郑州此次疫情主要发生在医院内部,30,595980,"2021-7-31 22:53"
406,中国正研发变异毒株针对性疫苗,29,593752,"2021-7-31 22:57"
407,7月新增本土确诊328例,29,593330,"2021-7-31 23:03"
408,此次疫情会大规模暴发吗,276,17046767,"2021-7-31 23:59"
409,郑州疫情,307,5053873,"2021-7-31 23:59"
41,广州市中风险地区清零,422,531357,"2021-6-26 23:13"
410,郑州通报16例无症状感染者,115,2876775,"2021-7-31 23:59"
411,厦门3例样本与Delta毒株高度吻合,135,2287885,"2021-7-31 23:59"
412,郑州新增4例确诊病例,122,1034805,"2021-7-31 23:59"
413,扬州将适时启动新一轮核酸检测,30,397250,"2021-7-31 23:59"
414,31省区市10天新增243例本土确诊,35,402231,"2021-8-1 08:59"
415,山东烟台新增1例关联南京禄口机场确诊,127,2777528,"2021-8-1 09:52"
416,扬州新增12例本土确诊病例,32,684114,"2021-8-1 10:00"
417,湖南新增4例本土确诊,33,698044,"2021-8-1 10:01"
418,南京新增14例本土确诊病例,33,678374,"2021-8-1 10:05"
419,31省区市新增本土确诊53例,32,656516,"2021-8-1 10:12"
42,钟南山说过去的密接概念已不适用,170,1777269,"2021-6-26 23:59"
420,淮安新增本土确诊4例,33,675614,"2021-8-1 10:13"
421,郑州此次疫情传播快病毒载量高,113,872335,"2021-8-1 11:57"
422,河南商丘新增1例本土病例,66,621302,"2021-8-1 12:02"
423,钟南山说南京疫情整体可控,188,7321038,"2021-8-1 12:13"
424,普通人群接种疫苗1年内无需打加强针,72,799639,"2021-8-1 12:18"
425,厦门新增1确诊病例1无症状感染者,33,540917,"2021-8-1 12:19"
426,南京累计报告本土确诊病例204例,31,553769,"2021-8-1 12:49"
427,江苏新增30例本土确诊,208,8497008,"2021-8-1 12:56"
428,南京卫健委回应外地人如何转绿码,105,1248837,"2021-8-1 13:26"
429,南京病例主要集中在禄口机场及周边,72,1332496,"2021-8-1 13:40"
43,广州隔离病房高考生成绩出炉,305,973759,"2021-6-26 23:59"
430,南京本土确诊病例江宁溧水占九成,45,1147168,"2021-8-1 13:54"
431,海口新增1例本土确诊,145,1049131,"2021-8-1 14:07"
432,河南新增本土无症状20例,265,2285672,"2021-8-1 14:19"
433,南京市新冠肺炎感染者增至204例,32,632282,"2021-8-1 14:40"
434,四川9例本土病例与南京疫情株同源,66,820308,"2021-8-1 14:41"
435,湖南益阳新增1例确诊3例无症状,32,485532,"2021-8-1 15:32"
436,一图了解本轮疫情传播链条,31,647362,"2021-8-1 15:53"
437,南京16例轻型病例转普通型,150,1671440,"2021-8-1 15:55"
438,海口新增1例新冠肺炎确诊病例,32,641957,"2021-8-1 16:13"
439,南京鼓楼区黄码转绿码人员过万,227,1820542,"2021-8-1 16:30"
44,钟南山谈德尔塔变异毒株密接新概念,105,321968,"2021-6-26 23:59"
440,南京辟谣疫情源头系会计嫖娼交叉感染,147,2181839,"2021-8-1 16:48"
441,长沙市民航拍橘子洲疫情前后对比,33,647618,"2021-8-1 16:51"
442,意新冠病毒或来自美军血液项目,34,758820,"2021-8-1 16:54"
443,江苏淮安一旅行团乘坐动车检出5例阳性,31,645498,"2021-8-1 16:59"
444,扬州内一区域升为高风险,30,533194,"2021-8-1 17:20"
445,扬州8个地区调整为中风险地区,29,519387,"2021-8-1 17:24"
446,南京新增14例轨迹公布,108,1389989,"2021-8-1 17:33"
447,北京疫情防控新闻发布会,30,816577,"2021-8-1 17:45"
448,河南疫情防控发布会,31,812084,"2021-8-1 17:48"
449,长沙市民给医护送多车冷饮西瓜,30,811434,"2021-8-1 17:51"
45,德尔塔变异毒株致多国疫情反弹,8,320583,"2021-6-26 23:59"
450,新冠病毒未来可能出现抗原漂移,246,2671629,"2021-8-1 18:00"
451,呼伦贝尔密接者曾转机北京哈尔滨,31,810879,"2021-8-1 18:06"
452,不是全国都叫健康码,260,2210149,"2021-8-1 18:08"
453,严控中高风险地区人员进京,31,810719,"2021-8-1 18:09"
454,湖北急寻D3078次列车阳性病例同乘者,101,1565297,"2021-8-1 18:11"
455,北京提升进京管控等级,27,728602,"2021-8-1 18:17"
456,郑州来西安人员隔离14天,32,741734,"2021-8-1 18:21"
457,钟南山称密切接触者已重新定义,85,1683016,"2021-8-1 18:39"
458,浙江在校学生原则上由学校统一组织接种,31,734299,"2021-8-1 18:39"
459,北京29日公布病例感染德尔塔病毒,27,733525,"2021-8-1 18:41"
46,广东连续6日本土无新增,75,240890,"2021-6-28 13:26"
460,全国有4个高风险91个中风险,32,346210,"2021-8-1 18:51"
461,呼伦贝尔市疾控紧急公告,30,437848,"2021-8-1 18:56"
462,世卫称抗疫成果或将失去,35,576425,"2021-8-1 18:59"
463,救援队返程因核酸没出结果露宿,63,988399,"2021-8-1 19:59"
464,北京29日公布病例与南京疫情病毒高度同源,35,808283,"2021-8-1 19:59"
465,湖北红安新增2例无症状感染者,31,800892,"2021-8-1 20:18"
466,北京新增2例京外关联本地确诊,150,1518967,"2021-8-1 20:19"
467,济南紧急寻找密接轨迹重合人员,22,800077,"2021-8-1 20:27"
468,郑州全员核酸检测已完成采样超百万份,31,799387,"2021-8-1 20:33"
469,扬州已排查密接和次密接2433人,32,719313,"2021-8-1 20:49"
47,国产疫苗对德尔塔变异株仍有效,102,268709,"2021-6-28 14:03"
470,重庆本地确诊病例均为感染德尔塔变异株,135,1785528,"2021-8-1 20:51"
471,荥阳全市范围内开展全员核酸检测,32,553554,"2021-8-1 21:02"
472,烟台新增1例确诊病例,34,546533,"2021-8-1 21:21"
473,北京新增感染者曾赴张家界三亚旅游,125,1783218,"2021-8-1 21:47"
474,河南药店暂停销售退烧药物,103,1260814,"2021-8-1 21:53"
475,驰援郑州医护带着速溶咖啡应急药品出发,125,752964,"2021-8-1 22:21"
476,萌娃做核酸检测全程乖巧配合,33,574223,"2021-8-1 22:45"
477,血液样本证欧洲19年秋季已有新冠,89,1366678,"2021-8-1 22:54"
478,郑州多小区将通宵进行核酸检测,33,847954,"2021-8-1 22:54"
479,无锡通报一例外省无症状在锡活动轨迹,30,918003,"2021-8-1 22:58"
48,打疫苗送迪士尼门票,2,181545,"2021-6-28 16:24"
480,四川省疾控公告,32,576665,"2021-8-1 23:07"
481,厦门首轮检测均为阴性,32,571332,"2021-8-1 23:10"
482,南京门诊部诊所全部停诊,34,949731,"2021-8-1 23:28"
483,石家庄非必要不举办人员聚集性活动,34,868472,"2021-8-1 23:45"
484,太原疾控中心紧急提醒,33,768353,"2021-8-1 23:51"
485,山西5地通报密接者和重点管控人员,33,766306,"2021-8-1 23:56"
486,钟南山说与确诊病例前四天共处也是密接者,205,3920431,"2021-8-1 23:59"
487,郑州夫妻封闭小区门口降价卖菜,101,2290081,"2021-8-1 23:59"
488,湖北荆州通报2例新冠确诊,39,568763,"2021-8-2 09:03"
489,湖南新增7例本土确诊,38,934275,"2021-8-2 09:23"
49,钟南山分析广东疫情,31,203763,"2021-6-28 18:04"
490,南京新增11例本土确诊病例,33,517056,"2021-8-2 09:35"
491,南京江宁区启动第四轮核酸检测,32,518629,"2021-8-2 09:36"
492,扬州新增26例本土确诊病例,36,670038,"2021-8-2 09:41"
493,河南各地准备不少于300间集中隔离房间,162,1259725,"2021-8-2 10:02"
494,株洲新增6例无症状,141,853151,"2021-8-2 10:09"
495,广东疾控提醒非必要不出省,31,508152,"2021-8-2 10:41"
496,烟台新增省外输入关联确诊病例1例,31,505804,"2021-8-2 10:43"
497,郑州市个人核酸证明查验服务点,31,580302,"2021-8-2 10:44"
498,郑州防控区调整为封控区,32,509695,"2021-8-2 10:54"
499,宁夏银川急寻确诊病例密接者,36,590353,"2021-8-2 11:04"
5,深圳4例本土病例均感染Dalta变异株,35,379082,"2021-6-22 19:12"
50,印度新冠死亡人数或达200万人,140,509743,"2021-6-28 18:47"
500,山东烟台新增本土确诊1例,32,513520,"2021-8-2 11:06"
501,江苏新增本土确诊病例40例,120,617425,"2021-8-2 11:25"
502,南京一核酸阳性人员不知去向系误传,139,1757218,"2021-8-2 11:27"
503,河南新增28例本土无症状,107,1237073,"2021-8-2 12:31"
504,淮安通报新增3名阳性人员轨迹,31,863933,"2021-8-2 12:41"
505,杭州各医院看病需查验14天内行程码,32,867851,"2021-8-2 12:50"
506,南京8例轻型转为普通型,93,1513618,"2021-8-2 12:52"
507,北京新增4例境外输入确诊和2例无症状,32,848802,"2021-8-2 12:56"
508,北京出现京外疫情关联病例,70,1301519,"2021-8-2 12:59"
509,扬州新增8个中风险地区,32,930097,"2021-8-2 13:15"
51,广州不再限制堂食每桌10人,169,1218617,"2021-6-28 23:59"
510,南京通报新增11例确诊病例详情,32,911205,"2021-8-2 13:27"
511,南京今日新增均在隔离人群中发现,84,1325069,"2021-8-2 13:31"
512,澳大利亚斥资千万防疫软件仅44人使用,76,1008823,"2021-8-2 13:42"
513,扬州11587名在校大学生严格实施封闭管理,71,935052,"2021-8-2 13:53"
514,南京回应启动第4轮核酸检测筛查,32,737241,"2021-8-2 14:04"
515,杭州拱墅区两名密接者已被集中隔离,80,1216560,"2021-8-2 14:05"
516,南京14岁以下病例都系居家发病,31,923373,"2021-8-2 14:08"
517,郑州市民可上郑好办查核酸检测结果,31,872659,"2021-8-2 14:12"
518,南京第13场新冠疫情防控发布会,31,908757,"2021-8-2 14:23"
519,杭州疫情,133,1474461,"2021-8-2 14:56"
52,上海疫苗,234,589502,"2021-6-29 14:04"
520,湖南20例新冠病毒标本测序均为德尔塔毒株,94,1312623,"2021-8-2 14:57"
521,武汉7名外来务工人员核酸阳性,33,779564,"2021-8-2 15:02"
522,铁路暂停高风险地区进京列车售票,31,629356,"2021-8-2 15:37"
523,江苏省长称扬州疫情尚未见底,83,1608884,"2021-8-2 15:59"
524,南京疫情传播链延长到至少365人,32,684435,"2021-8-2 15:59"
525,北京3例感染者在三亚活动轨迹,115,1555678,"2021-8-2 16:20"
526,河北香河寻找密接者关联人员,30,831638,"2021-8-2 16:32"
527,一人感染德尔塔可传染八人,120,1845520,"2021-8-2 16:37"
528,扬州15地调整为中风险地区,30,826523,"2021-8-2 16:39"
529,北京疫情防控工作发布会,31,792499,"2021-8-2 16:40"
53,男子接种疫苗因晕针紧抱身旁辅警,223,976566,"2021-6-29 14:09"
530,荆州火车站候车厅已关联至少10例感染者,32,819465,"2021-8-2 16:41"
531,武汉全天候防疫攻略,31,795948,"2021-8-2 16:43"
532,年龄极小婴幼儿不宜戴口罩,107,1211174,"2021-8-2 16:44"
533,南京开展第四轮部分区域核酸检测,24,790337,"2021-8-2 16:47"
534,新东方杭州学校一校区全员检测均阴性,32,765965,"2021-8-2 16:48"
535,南京儿童发烧就诊需等核酸结果方可离开,87,2356037,"2021-8-2 17:06"
536,江苏省长称扬州疫情发生早发现晚,89,1241098,"2021-8-2 17:36"
537,武汉疫情1,281,6772102,"2021-8-2 19:12"
538,钟南山对疫情问题给出最新研判,33,840971,"2021-8-2 19:43"
539,北京新增确诊病例住址为海淀区国兴家园,116,1488175,"2021-8-2 19:51"
54,上海一接种点边打疫苗边听歌,31,230523,"2021-6-29 16:19"
540,南京医护人员脱下防护服用鸭子步走路,45,769381,"2021-8-2 20:35"
541,D3078次列车已发现9名感染者,186,2708703,"2021-8-2 21:04"
542,郑州此轮疫情有13例确诊50例无症状,33,844748,"2021-8-2 21:08"
543,郑州通报8例确诊27例无症状活动轨迹,31,815887,"2021-8-2 21:13"
544,浦东机场1名货机服务人员新冠阳性,120,1918266,"2021-8-2 21:35"
545,郑州疫情最初感染者与缅甸患者同源,103,1072654,"2021-8-2 22:25"
546,郑州市新增本土确诊病例13例,54,829185,"2021-8-2 22:27"
547,婴幼儿如何预防新冠病毒,31,726978,"2021-8-2 22:45"
548,郑州对确诊患者实施一人一案治疗,62,826981,"2021-8-2 23:01"
549,厦门市民暴雨中撑伞做核酸,31,644353,"2021-8-2 23:01"
55,印度毛霉菌感染病例已超4万,144,149961,"2021-6-30 02:23"
550,做好18岁以下符合条件学生疫苗接种工作,31,649235,"2021-8-2 23:02"
551,一密接者曾在增城搭公交,71,1185839,"2021-8-2 23:18"
552,郑州六院确诊患者转至岐伯山医院治疗,32,840203,"2021-8-2 23:31"
553,武汉7例本地病例轨迹,36,836870,"2021-8-2 23:42"
554,山西男子从郑州隔离点逃脱,155,1528244,"2021-8-2 23:59"
555,南京1名入境人员核酸检测复阳,59,1147962,"2021-8-2 23:59"
556,市民拍西安大唐不夜城疫情前后对比,13,314195,"2021-8-2 23:59"
557,上海新增1本地确诊为外航货机服务人员,38,864648,"2021-8-3 09:13"
558,31省区市新增61例例本土确诊,14,410493,"2021-8-3 09:34"
559,上海浦东机场连夜展开大规模核酸检测,111,2263586,"2021-8-3 09:51"
56,新冠疫苗接种率达77.6%意味什么,465,666115,"2021-6-30 23:59"
560,武汉新增3例本土确诊,32,410105,"2021-8-3 09:52"
561,烟台确诊2例新冠轻型病例,32,405923,"2021-8-3 09:54"
562,南京新增5例本土确诊,31,407698,"2021-8-3 09:56"
563,湖南新增6例本土确诊,33,614514,"2021-8-3 09:59"
564,烟台3个区域调整为中风险,33,545262,"2021-8-3 10:22"
565,南京江宁商场批发市场暂停营业,111,963468,"2021-8-3 10:25"
566,31省区市新增61例本土确诊,32,347772,"2021-8-3 10:40"
567,湖南新增本土无症状2例,39,525050,"2021-8-3 11:20"
568,目前上海新增病例所有密接者没有阳性,39,510473,"2021-8-3 11:29"
569,南京累计报告本土确诊病例220例,32,338122,"2021-8-3 11:32"
57,广东三起疫情社区传播均已阻断,268,566028,"2021-6-30 23:59"
570,江苏新增45例本土确诊,172,1662559,"2021-8-3 12:15"
571,扬州报告本土确诊40例,172,483741,"2021-8-3 12:19"
572,湖北省疫情防控新闻发布会,49,400878,"2021-8-3 12:20"
573,河南新增15例本土无症状,195,1149149,"2021-8-3 12:21"
574,上海疫情,155,946958,"2021-8-3 12:51"
575,扬州进一步严格小区自然村封控管理,30,592251,"2021-8-3 12:54"
576,扬州累计报告本土确诊病例94例,31,589105,"2021-8-3 13:01"
577,扬州疫情防控新闻发布会,29,586271,"2021-8-3 13:01"
578,英科学家称将出现新变种令目前疫苗失效,107,659936,"2021-8-3 13:13"
579,钟南山称国产疫苗对德尔塔有效,284,4314902,"2021-8-3 13:16"
58,广州烟火气回来了,233,388979,"2021-7-1 23:59"
580,美情报机构2019年就预言新冠大流行,62,599098,"2021-8-3 13:16"
581,上海新增1本地确诊14天内未离沪,165,1298112,"2021-8-3 13:31"
582,陕西神木一送检样本存在感染风险,31,587162,"2021-8-3 13:47"
583,究竟什么是德尔塔变异株,30,579007,"2021-8-3 13:48"
584,烟台启动主城区第一轮全员核酸检测,31,578321,"2021-8-3 13:58"
585,扬州出现2例重型病例,32,730558,"2021-8-3 14:21"
586,新人一线抗疫父母代替完成婚礼,32,476841,"2021-8-3 14:33"
587,武汉经开区沌口街道调整为中风险地区,32,476468,"2021-8-3 14:39"
588,厦门1例无症状感染者转为确诊病例,33,495921,"2021-8-3 14:45"
589,南京新增5例均在隔离人群发现,128,1571461,"2021-8-3 14:52"
59,最危险的4种新冠病毒变种,179,400721,"2021-7-2 18:05"
590,上海新增确诊者系接种疫苗后突破病例,200,5510813,"2021-8-3 15:12"
591,海口确诊病例为感染德尔塔毒株,106,1233716,"2021-8-3 15:35"
592,山东健康码崩了,220,1291451,"2021-8-3 15:56"
593,萌娃测核酸和护士讨价还价,32,650486,"2021-8-3 16:04"
594,两名澳门居民新冠病毒核酸初步检测阳性,48,732382,"2021-8-3 16:08"
595,南京创建无疫小区,31,643910,"2021-8-3 16:10"
596,澳门疫情,52,1190566,"2021-8-3 16:49"
597,江苏45371家棋牌室麻将馆全部停业,30,722984,"2021-8-3 17:01"
598,江苏举全省之力支持南京核酸检测,50,692797,"2021-8-3 17:39"
599,河南健康码可查看核酸检测结果,31,813105,"2021-8-3 18:08"
6,我国疫苗对德尔塔变异毒株仍有效,36,591260,"2021-6-22 23:59"
60,多地7月恢复疫苗第一针接种,183,480808,"2021-7-2 18:29"
600,南京疫情最早发病时间为7月13日,129,1929393,"2021-8-3 18:09"
601,扬州确诊病例曾去鸿星尔克专卖店,144,2703573,"2021-8-3 18:53"
602,南京急寻出入一棋牌室人员,87,810264,"2021-8-3 19:18"
603,郑州确诊病例行动轨迹区域全部封闭,47,634916,"2021-8-3 19:29"
604,上海确诊病例为浦东机场货运区驾驶员,110,986523,"2021-8-3 20:17"
605,扬州公布40例本土确诊病例行程轨迹,44,475054,"2021-8-3 20:52"
606,烟台新增4例确诊病例,104,1014634,"2021-8-3 21:39"
607,国内疫情呈多点散发态势,32,649609,"2021-8-3 21:59"
608,新发现中药连花清瘟对德尔塔病毒有效,46,4932429,"2021-8-3 23:59"
609,张文宏说百分百预防感染的疫苗是不存在的,134,1586307,"2021-8-3 23:59"
61,武汉新冠病毒疫苗第二剂次接种超780万人,199,965103,"2021-7-2 19:45"
610,中国健儿防疫意识有多强,85,402158,"2021-8-4 09:02"
611,中国运动员防疫意识有多强,518,821148,"2021-8-4 09:10"
612,云南省8月3日新增本土确诊病例3例,30,378084,"2021-8-4 09:24"
613,欧洲早期新冠病毒来自美军德特里克堡,46,724447,"2021-8-4 09:38"
614,河南新增9例本土无症状,40,685104,"2021-8-4 09:39"
615,烟台新增6例省外输入确诊病例,73,1015597,"2021-8-4 09:42"
616,扬州新增32例本土确诊病例,36,541399,"2021-8-4 09:56"
617,江苏新增35例本土确诊,36,544487,"2021-8-4 09:57"
618,湖南新增15例本土确诊,40,832708,"2021-8-4 09:59"
619,31省区市新增71例本土确诊,37,478924,"2021-8-4 10:11"
62,钟南山说休舱不等于休息,301,1718438,"2021-7-2 20:50"
620,南京新增3例本土确诊,35,316725,"2021-8-4 10:13"
621,辉瑞和莫德纳新冠疫苗趁势对欧盟涨价,39,522447,"2021-8-4 10:14"
622,武汉新增9例本土确诊,38,679095,"2021-8-4 10:15"
623,南京累计报告本土确诊病例223例,31,258130,"2021-8-4 10:20"
624,武汉本轮疫情与江苏病例毒株高度同源,46,806041,"2021-8-4 10:34"
625,大叔疫情期与失散56年亲人隔屏相认,112,1398319,"2021-8-4 11:02"
626,郑州新增2例本土确诊,128,551034,"2021-8-4 11:04"
627,烟台疫情,215,861581,"2021-8-4 12:28"
628,株洲新增确诊病例12例,147,948496,"2021-8-4 13:16"
629,扬州市第6场疫情防控新闻发布会,32,435483,"2021-8-4 14:29"
63,广州连续14天本土确诊零新增,111,325226,"2021-7-3 13:49"
630,北京望京一小区因疫情封闭,65,1250592,"2021-8-4 15:15"
631,小伙子和核酸检测护士互相比心,30,525521,"2021-8-4 15:42"
632,三门峡全市全员核酸检测,31,565064,"2021-8-4 15:51"
633,上海一确诊病例感染德尔塔变异株,33,904155,"2021-8-4 16:26"
634,张文宏称疫苗是与德尔塔交锋主要武器,33,599842,"2021-8-4 16:46"
635,全国疫情呈多点发生局部暴发态势,33,598637,"2021-8-4 16:47"
636,新冠拉姆达变异毒株或可逃避中和抗体,122,1699806,"2021-8-4 16:50"
637,我国新冠疫苗接种剂次超17亿,111,1384332,"2021-8-4 17:10"
638,上海确诊病例与近期本土病例无关联,119,1340777,"2021-8-4 17:23"
639,湖南本轮疫情来源明确,31,560287,"2021-8-4 17:27"
64,美佛州塌楼事故6名搜救队员感染新冠,43,250631,"2021-7-3 14:39"
640,北京新增3例京外关联本地确诊,72,841204,"2021-8-4 17:56"
641,武义紧急寻找密切接触者,31,603015,"2021-8-4 17:56"
642,北京望京涉疫小区将启动核酸检测,32,454162,"2021-8-4 18:30"
643,武汉已封控16小区11工地,33,519808,"2021-8-4 18:31"
644,南京541个行政村6934个自然村封闭管理,33,549877,"2021-8-4 18:55"
645,北京此轮疫情与南京疫情属同一传播链,93,737911,"2021-8-4 18:56"
646,湖北确诊病例全部为感染德尔塔毒株,128,1331864,"2021-8-4 19:55"
647,山东泰安疫情线索举报人获奖10万,31,530630,"2021-8-4 20:11"
648,湖北荆州已完成核酸检测86956人均为阴性,31,526061,"2021-8-4 20:21"
649,北京新增3例确诊均为8月1日公布病例密接,32,643334,"2021-8-4 20:27"
65,广州公交地铁无须出示健康码,131,296278,"2021-7-3 14:54"
650,南京核酸检测人员头发拧出水,41,758960,"2021-8-4 21:23"
651,山东金色健康码重新上线,31,658217,"2021-8-4 22:02"
652,郑州市疫情防控新闻发布会,30,723616,"2021-8-4 22:25"
653,郑州本轮疫情累计感染101人,122,1540351,"2021-8-4 22:59"
654,武汉市已完成核酸采样252.8万余人,31,787238,"2021-8-4 23:16"
655,武汉8月6日前完成全员核酸检测,32,786483,"2021-8-4 23:31"
656,郑州一确诊病例故意隐瞒行程被立案侦查,160,2576375,"2021-8-4 23:59"
657,上海确诊病例曾在污染环境中解开防护服,136,2007880,"2021-8-4 23:59"
658,郑州市已选定隔离酒店53家,78,1031085,"2021-8-4 23:59"
659,全球累计新冠确诊病例超2亿,97,808653,"2021-8-5 08:56"
66,钟南山请大家放心打国产疫苗,152,2227355,"2021-7-3 23:59"
660,深圳康泰生物成功分离德尔塔变异株,468,3274726,"2021-8-5 09:38"
661,扬州新增36例本土确诊病例,35,472752,"2021-8-5 09:43"
662,江苏新增本土确诊40例,36,540473,"2021-8-5 09:51"
663,湖南新增9例确诊,33,385106,"2021-8-5 10:06"
664,江苏新增本土出院病例6例,33,353510,"2021-8-5 10:07"
665,郑州已检测1118万人,34,447852,"2021-8-5 10:10"
666,南京累计报告227例本土确诊,33,347303,"2021-8-5 10:23"
667,南京新增4例本土确诊病例,41,367024,"2021-8-5 10:55"
668,湖南新增7例无症状,32,344467,"2021-8-5 10:57"
669,扬州累计报告162例本土确诊,32,343823,"2021-8-5 11:10"
67,钟南山称打开国门需要全世界共同努力,426,840922,"2021-7-4 10:37"
670,南京6例本土病例出院,35,345277,"2021-8-5 12:01"
671,烟台美容院新增3例感染者,71,609809,"2021-8-5 12:40"
672,全国有5个高风险154个中风险,49,336527,"2021-8-5 12:47"
673,河南新增22例本土无症状,222,1078626,"2021-8-5 12:49"
674,江苏现有10例重症2例危重型,194,1159909,"2021-8-5 13:38"
675,南京1例重型转普通型,55,379257,"2021-8-5 14:40"
676,福奇称美国秋季每日新增病例或达20万,31,399302,"2021-8-5 14:47"
677,郑州护士核酸采样遇到儿子,32,579827,"2021-8-5 16:39"
678,扬州市第7场疫情防控新闻发布会,31,583214,"2021-8-5 16:42"
679,西安健康码新增15天核酸检测结果,75,853648,"2021-8-5 17:02"
68,不同人打疫苗的反应,31,200879,"2021-7-4 17:34"
680,郑州六院疫情与南京此轮疫情无关联,31,582121,"2021-8-5 17:11"
681,奥运相关人员新增确诊31例,31,561088,"2021-8-5 17:13"
682,郑州六院被感染护士曾参加800人婚宴,206,4446351,"2021-8-5 17:53"
683,郑州开展第二轮全市全员核酸检测,30,616626,"2021-8-5 18:01"
684,湖北4日新增确诊系武汉沌口返回荆门人员,32,616853,"2021-8-5 18:15"
685,河南许昌新增1例确诊,32,613434,"2021-8-5 18:16"
686,旅游目的地列为中高风险必须取消行程,29,610368,"2021-8-5 18:25"
687,禄口机场疫情首批出院患者转入康复医院,60,641001,"2021-8-5 18:37"
688,安阳发现1例无症状感染者,33,605979,"2021-8-5 18:55"
689,郑州年龄最小感染者7岁,103,875474,"2021-8-5 19:50"
69,云南新增3名本土确诊均在姐告,32,266478,"2021-7-5 11:55"
690,疫苗对德尔塔变异株仍有良好防护作用,69,583984,"2021-8-5 20:08"
691,郑州一确诊病例曾游览成都景区,103,1711089,"2021-8-5 20:59"
692,郑州新增本土确诊3例,32,746406,"2021-8-5 21:47"
693,武汉疫情2,72,994139,"2021-8-5 22:20"
694,武汉新增3例确诊12例无症状,52,814321,"2021-8-5 22:42"
695,烟台现有11例确诊病例,93,1417506,"2021-8-5 22:51"
696,云南省暂停开展跨省旅游活动,53,757416,"2021-8-5 23:43"
697,武汉网友晒隔离餐,35,473835,"2021-8-5 23:44"
698,南京地铁查健康码是否系截图,100,1422984,"2021-8-5 23:59"
699,重庆本地确诊病例传播源头查清,96,1070428,"2021-8-5 23:59"
7,广东无新增本土确诊和本土无症状,191,600534,"2021-6-23 10:40"
70,云南新增3例本土确诊,279,1381000,"2021-7-5 12:08"
700,张家界2个区域划为高风险,14,318964,"2021-8-6 00:13"
701,武汉市疫情防控新闻发布会,15,325117,"2021-8-6 00:14"
702,本轮疫情郑州已报告本土病例112例,47,536983,"2021-8-6 00:46"
703,武汉完成核酸检测378万人,454,429780,"2021-8-6 07:48"
704,湖南张家界新增5例本土确诊,82,752178,"2021-8-6 08:54"
705,全球累计确诊新冠肺炎超2亿例,31,329519,"2021-8-6 08:54"
706,内蒙古新增本土确诊详情,49,887978,"2021-8-6 09:11"
707,低风险地区电影院上座率不得高于75%,517,332011,"2021-8-6 09:11"
708,31省区市新增80例本土确诊,31,438236,"2021-8-6 09:27"
709,河南新增1例本土确诊,82,1089317,"2021-8-6 10:09"
71,我国新冠疫苗接种超13亿剂次,147,426844,"2021-7-5 17:43"
710,扬州新增本土确诊58例,87,891302,"2021-8-6 10:37"
711,江苏新增3例重型病例,34,385542,"2021-8-6 10:42"
712,海口两例确诊病例无关联,77,721887,"2021-8-6 11:20"
713,确诊病例的行程轨迹是怎么来的,34,451098,"2021-8-6 11:23"
714,凡去过郑州六院均属高风险人群,105,908817,"2021-8-6 12:29"
715,湖南新增9例本土确诊,84,441392,"2021-8-6 12:36"
716,江苏新增61例本土确诊,228,3500583,"2021-8-6 12:51"
717,扬州站扬州东站客运业务临时停办,75,649667,"2021-8-6 14:08"
718,女儿在检测现场认出6天没回家的妈妈,282,3849126,"2021-8-6 14:58"
719,呼伦贝尔海拉尔区全员核酸检测,31,378652,"2021-8-6 15:56"
72,河南金钟罩健康码,175,1126922,"2021-7-6 15:31"
720,郑州非生活必需场所一律暂时停业,28,565378,"2021-8-6 17:37"
721,武汉已封控104个小区,283,3534381,"2021-8-6 18:11"
722,核酸检测点护士凌晨弹钢琴,31,570351,"2021-8-6 20:05"
723,男子伪造核酸报告每份卖40元,46,577842,"2021-8-6 20:07"
724,北京全力做好奥运归国人员隔离接待准备,108,1445145,"2021-8-6 20:34"
725,郑州全市小区闭环管理,161,1006699,"2021-8-6 20:47"
726,河南开封新增4例确诊病例,31,669901,"2021-8-6 20:53"
727,央视批疫情防控粗暴执法实属不该,129,1669994,"2021-8-6 22:18"
728,湖南省健康码申明,12,319684,"2021-8-6 22:48"
729,武汉新增6例确诊10例无症状,113,1434381,"2021-8-6 23:59"
73,云南瑞丽主城区实行封闭管理,31,160559,"2021-7-7 10:02"
730,郑州人做核酸有多拼,49,550871,"2021-8-6 23:59"
731,全国有7个高风险191个中风险,60,722138,"2021-8-7 08:36"
732,郑州市第三轮核酸检测,38,370819,"2021-8-7 08:49"
733,河南6地开展全员核酸检测,33,364737,"2021-8-7 08:50"
734,湖北荆门新增3例确诊病例,29,514435,"2021-8-7 09:33"
735,如何预防德尔塔毒株,30,512567,"2021-8-7 09:36"
736,31省区市新增75例本土确诊,31,510369,"2021-8-7 09:46"
737,湖北新增9例本土确诊病例,32,367009,"2021-8-7 10:17"
738,湖南新增本土确诊9例,33,403365,"2021-8-7 10:33"
739,烟台报告1例本土疑似病例,32,484823,"2021-8-7 10:34"
74,瑞丽疫情,250,696505,"2021-7-7 11:34"
740,拿到核酸检测报告需要分几步,33,474725,"2021-8-7 10:41"
741,新郎防疫期间独自迎娶新娘,29,324662,"2021-8-7 11:13"
742,郑州乘公交需要带有效核酸检测证明,31,406378,"2021-8-7 11:14"
743,江苏新增53例本土确诊,149,1256025,"2021-8-7 11:44"
744,扬州本土累计确诊病例超南京,31,511307,"2021-8-7 12:36"
745,扬州现有17例重型4例危重,35,809823,"2021-8-7 12:37"
746,奥运相关人员新增新冠肺炎确诊病例22例,31,504905,"2021-8-7 12:40"
747,扬州第三轮核酸检测筛查出13例阳性,31,502894,"2021-8-7 12:46"
748,高温下的核酸检测现场,32,490851,"2021-8-7 14:11"
749,郑州回应查询不到核酸检测结果,35,563156,"2021-8-7 14:13"
75,云南新增15例本土确诊病例,283,1408678,"2021-7-7 11:51"
750,德尔塔毒株即使无接触14秒也可感染,211,1622859,"2021-8-7 14:33"
751,郑州第三轮核酸漏检健康码将变黄,35,682224,"2021-8-7 14:37"
752,郑州通报17例无症状感染者和1例确诊病例,34,500044,"2021-8-7 15:08"
753,南京第1例重型患者出院,141,3382216,"2021-8-7 15:22"
754,株洲一无症状感染者隐瞒行程被立案,35,501482,"2021-8-7 15:25"
755,西安雁塔区超50万人核酸检测均为阴性,212,1205552,"2021-8-7 17:37"
756,湖南株洲新增3例确诊,46,474553,"2021-8-7 18:23"
757,北京发布五条疫情防控措施,31,473149,"2021-8-7 18:49"
758,司机送一个口罩乘客回赠10大包,115,794101,"2021-8-7 18:56"
759,武汉封控小区增至157个,126,513598,"2021-8-7 20:25"
76,云南瑞丽疫情与德尔塔变异株高度同源,100,344536,"2021-7-7 13:14"
760,郑州新增4处中风险地区,104,412965,"2021-8-7 21:31"
761,郑州累计报告本土确诊病例40例,31,554380,"2021-8-7 22:52"
762,南京第5轮核酸已查出2例确诊,151,873321,"2021-8-7 22:59"
763,郑州无症状转确诊20例,33,497330,"2021-8-7 23:09"
764,江苏核酸检测价格调整为65元,143,3257776,"2021-8-7 23:27"
765,女子将核酸报告P成阳性被行拘,77,3583889,"2021-8-7 23:59"
766,郑州1确诊病例前7次核酸都为阴性,141,3557005,"2021-8-7 23:59"
767,业主和装修师傅因疫情意外同居,56,3440100,"2021-8-7 23:59"
768,云南新增本土确诊7例,79,551873,"2021-8-8 09:26"
769,德尔塔与之前病毒株有哪些区别,70,534992,"2021-8-8 10:00"
77,湖北疫情,468,2473229,"2021-7-7 18:16"
770,南京市第19场疫情防控新闻发布会,32,252744,"2021-8-8 11:10"
771,31省区市新增81例本土确诊,147,423946,"2021-8-8 11:17"
772,河南新增24例本土确诊,162,870937,"2021-8-8 11:25"
773,江苏新增38例本土确诊病例,164,703741,"2021-8-8 11:46"
774,郑州新报告确诊病例系郑州六院医生,33,254862,"2021-8-8 11:55"
775,父亲做核酸检测巧遇驰援的儿子,148,1226539,"2021-8-8 12:07"
776,南京新增2例确诊均在集中隔离点发现,71,511724,"2021-8-8 12:18"
777,扬州11个病例去过同一个核酸检测点,188,1151319,"2021-8-8 14:36"
778,男子造谣武汉瞒报700多病例,116,425006,"2021-8-8 15:15"
779,全国有14个高风险191个中风险,31,299728,"2021-8-8 15:38"
78,浙江上线疫苗到货提醒功能,122,668696,"2021-7-7 22:28"
780,扬州已有19例重型6例危重型,180,781693,"2021-8-8 15:49"
781,河南21例无症状感染者转确诊,34,432204,"2021-8-8 16:23"
782,收到武汉防疫提示短信该如何处理,32,455358,"2021-8-8 16:49"
783,北京召开第235场疫情防控新闻发布会,31,427932,"2021-8-8 16:51"
784,武汉核酸检验员有多拼,38,511079,"2021-8-8 18:52"
785,郑州新增1例本土确诊病例,43,447159,"2021-8-8 21:09"
786,郑州一病例核酸检测8次才显阳性,165,1395909,"2021-8-8 22:04"
787,扬州广陵区防疫物资可满足需要,33,542812,"2021-8-8 22:39"
788,南通开展全员核酸检测,71,1028969,"2021-8-8 22:41"
789,扬州新增1地高风险10地中风险,32,492033,"2021-8-8 23:10"
79,阿姨打疫苗秒变表情包,124,603203,"2021-7-7 23:59"
790,郑州新增无症状感染者转确诊40例,184,1099105,"2021-8-8 23:59"
791,武汉封闭管控小区筛查出9例阳性,139,1023971,"2021-8-8 23:59"
792,南京小伙核酸志愿现场收到录取通知书,101,1005284,"2021-8-8 23:59"
793,江苏多地再派1000余名医护驰援扬州,56,483303,"2021-8-8 23:59"
794,全国有15个高风险201个中风险,63,271564,"2021-8-9 09:42"
795,31省区市新增本土确诊94例,32,267045,"2021-8-9 10:02"
796,海口核酸医护身绑冰棒防中暑,112,975422,"2021-8-9 10:09"
797,微信表情都戴医用口罩了,616,1498748,"2021-8-9 10:15"
798,河南新增4例本土无症状,92,419738,"2021-8-9 10:36"
799,怎样应对拉姆达变异毒株,147,394254,"2021-8-9 10:46"
8,德尔塔变异毒株可能存在免疫逃逸,677,855346,"2021-6-23 11:16"
80,瑞丽疫情防控难在何处,94,333786,"2021-7-7 23:59"
800,不能让病毒在人群中失控地传播,120,545662,"2021-8-9 10:57"
801,湖北新增本土确诊3例,49,364946,"2021-8-9 10:57"
802,北京新增3例境外输入确诊10例无症状,39,316949,"2021-8-9 11:15"
803,湖南新增12例本土确诊,113,589837,"2021-8-9 11:22"
804,扬州新增本土确诊38例,154,462650,"2021-8-9 12:04"
805,未来或出现白羊座毒株,1,297775,"2021-8-9 12:15"
806,张家界新增10例本土确诊,82,533807,"2021-8-9 12:19"
807,防疫一线让人心疼的一幕幕,32,303608,"2021-8-9 12:25"
808,拉姆达毒株是怎么命名的,32,347812,"2021-8-9 12:33"
809,人接种疫苗后仍能传播德尔塔病毒,147,1021127,"2021-8-9 14:21"
81,被汗湿的口罩无法预防新冠病毒,34,204981,"2021-7-7 23:59"
810,湖北核酸检测价格下调至60元,91,456823,"2021-8-9 14:26"
811,希腊字母用完后用星座命名变异毒株,121,447551,"2021-8-9 14:26"
812,武汉六大客运站已全部停运,36,488042,"2021-8-9 16:39"
813,希腊字母已命名11种变异毒株,32,476734,"2021-8-9 16:40"
814,扬州现有23例重型6例危重型,73,478243,"2021-8-9 17:21"
815,青岛现1例入境确诊治愈后复阳人员,103,636792,"2021-8-9 18:03"
816,海口确诊病例林某某传染源头初步确定,143,881214,"2021-8-9 18:33"
817,武汉新增2例确诊病例,38,411767,"2021-8-9 19:43"
818,郑州累计报告本土确诊病例116例,31,360721,"2021-8-9 21:50"
819,核酸检测工作人员热情揽客,109,557620,"2021-8-9 22:03"
82,云南新增2例本土确诊,53,181994,"2021-7-8 08:16"
820,北京报告1例肺炭疽病例,327,1236940,"2021-8-9 22:36"
821,扬州疫情现状如何,31,400282,"2021-8-9 22:52"
822,郑州暂停全市新冠病毒疫苗接种,92,2103021,"2021-8-9 23:59"
823,央视深度解析美国抗疫真相,62,467634,"2021-8-9 23:59"
824,村民谈扬州1人传多人检测点,84,466490,"2021-8-9 23:59"
825,常州关闭全市电影院,7,203938,"2021-8-10 00:06"
826,弘进轮11名核酸阳性船员被转移治疗,36,375899,"2021-8-10 08:46"
827,郑州新增3处中风险地区,144,616066,"2021-8-10 09:45"
828,全国现有15地高风险202地中风险,135,598007,"2021-8-10 09:56"
829,河南37例无症状转确诊,44,897217,"2021-8-10 10:12"
83,广州本轮疫情在院病例清零,310,740227,"2021-7-8 15:22"
830,以色列14人打加强针后仍感染新冠,39,323272,"2021-8-10 10:23"
831,31省区市新增108例本土确诊,36,313691,"2021-8-10 10:32"
832,以色列在研新药5天内治愈九成新冠重症者,164,1550262,"2021-8-10 11:00"
833,9日河南新增本土无症状感染者2例,39,409853,"2021-8-10 11:01"
834,扬州新增48例本土确诊病例,31,209608,"2021-8-10 11:01"
835,江苏新增50例本土确诊,126,1433294,"2021-8-10 11:52"
836,荆门疫情,110,682135,"2021-8-10 12:39"
837,荆门新增本土确诊病例10例,31,321286,"2021-8-10 12:44"
838,俄罗斯现新冠病毒超级传播者,291,4251718,"2021-8-10 13:00"
839,扬州累计本土确诊394例,32,324379,"2021-8-10 13:04"
84,厦门发现1名入境确诊治愈后复阳人员,34,259265,"2021-7-8 15:56"
840,河南正阳5个行政村调整为高风险,106,344796,"2021-8-10 13:06"
841,扬州第5轮大规模核酸已检出14例阳性,31,325090,"2021-8-10 13:27"
842,普通医用口罩可防德尔塔变异株,213,1769542,"2021-8-10 13:28"
843,湖北新增本土确诊15例,129,600100,"2021-8-10 13:31"
844,5种错误口罩存放办法增加污染风险,32,397952,"2021-8-10 15:51"
845,扬州累计报告394例本土确诊,31,409827,"2021-8-10 16:01"
846,为何郑州这么多无症状转确诊,41,413690,"2021-8-10 16:29"
847,郑州核酸检测找到暴雨中失踪男孩,125,2770251,"2021-8-10 16:54"
848,新冠病毒变异毒株仍在变化,98,490056,"2021-8-10 17:48"
849,现有疫苗对拉姆达是否有效,31,501384,"2021-8-10 18:59"
85,厦门疫情,551,683525,"2021-7-8 23:59"
850,确诊新冠老人用药盒写情书给老伴,90,1481109,"2021-8-10 23:59"
851,浙江健康码可查看行程卡,84,577512,"2021-8-10 23:59"
852,长沙两位新冠肺炎康复者成功捐献血浆,511,947179,"2021-8-11 08:30"
853,北京新增7例境外输入无症状,32,280878,"2021-8-11 09:30"
854,当防疫人员无聊时,31,263007,"2021-8-11 09:38"
855,河南新增7例本土确诊,42,386930,"2021-8-11 09:54"
856,云南新增新冠肺炎本土确诊病例2例,33,262341,"2021-8-11 10:02"
857,浙江新增12例境外输入确诊,33,326645,"2021-8-11 10:03"
858,南京累计本土确诊233例,34,376698,"2021-8-11 10:06"
859,湖北新增本土确诊14例,99,516333,"2021-8-11 11:09"
86,我国22个新冠疫苗进入临床试验阶段,299,549604,"2021-7-8 23:59"
860,湖南新增5例本土确诊,33,285603,"2021-8-11 11:23"
861,杭州一药店因向发烧人员出售退烧药被查,295,2514495,"2021-8-11 12:21"
862,扬州新增54例本土确诊,203,989035,"2021-8-11 12:23"
863,奥运健儿隔离时有多自律,248,744877,"2021-8-11 12:24"
864,500万人内的全员核酸要2天内完成,117,731358,"2021-8-11 12:38"
865,宁波舟山港发现1例新冠阳性,162,1049450,"2021-8-11 13:22"
866,扬州疫情集中在两条传播链,110,1077458,"2021-8-11 13:38"
867,扬州老人向检测点志愿者吐痰,119,735841,"2021-8-11 13:50"
868,云南芒市疫情期间禁止猫狗出户活动,42,436835,"2021-8-11 14:24"
869,全国新冠疫苗接种剂次超18亿,49,377890,"2021-8-11 15:58"
87,云南新增8例本土确诊,154,364133,"2021-7-9 09:50"
870,流调人员1天睡4小时只为跑赢病毒,101,601003,"2021-8-11 16:45"
871,成都两中风险区降为低风险,32,362701,"2021-8-11 17:00"
872,扬州第5轮核酸共检出25例阳性,98,442233,"2021-8-11 17:35"
873,白发老太不戴口罩聚集打牌称不怕坐牢,58,315733,"2021-8-11 17:43"
874,扬州和郑州正在发展为疫情新中心,191,1321937,"2021-8-11 18:14"
875,成都高新区水门仪式庆祝解封,31,365708,"2021-8-11 18:17"
876,女子身份遭误用被迫隔离,128,888040,"2021-8-11 20:46"
877,扬州新增3地高风险9地中风险,34,315227,"2021-8-11 21:54"
878,运动员隔离vlog内卷,128,427113,"2021-8-11 23:08"
879,国乒队隔离训练vlog,151,1162550,"2021-8-11 23:17"
88,云南新增7例本土确诊,163,276526,"2021-7-10 09:54"
880,北京昌平某确诊病例密接1751人,221,2634399,"2021-8-11 23:59"
881,"国务院 若发生疫情定点医院48小时内腾空",184,1906004,"2021-8-11 23:59"
882,跳水梦之队隔离vlog,126,933474,"2021-8-11 23:59"
883,四川疫苗接种土味广告,99,931702,"2021-8-11 23:59"
884,南京禄口街道3名干部因防疫不力被查,102,815430,"2021-8-11 23:59"
885,直击成都封闭区解封,101,544830,"2021-8-12 07:46"
886,西非首现马尔堡病毒死亡病例,39,222050,"2021-8-12 07:57"
887,北京高校师生员工非必要不离校,84,493584,"2021-8-12 08:29"
888,武汉调整中风险封闭区范围,35,289268,"2021-8-12 08:31"
889,第一视角看消防员转移核酸样本,32,427049,"2021-8-12 09:00"
89,中国医生原型,484,156685,"2021-7-11 08:24"
890,扬州新增确诊最大90岁最小1岁,113,1394878,"2021-8-12 09:01"
891,哥伦比亚确诊登革热19006例,32,427383,"2021-8-12 09:12"
892,拉姆达对疫苗抵抗力超越其他变异株,44,591003,"2021-8-12 09:17"
893,张家界暂停城区市场经营主体活动,37,457367,"2021-8-12 09:22"
894,云南新增3例新冠肺炎本土确诊病例,32,394454,"2021-8-12 09:32"
895,河南新增本土确诊3例,36,483657,"2021-8-12 09:34"
896,湖北新增10例本土无症状,33,378854,"2021-8-12 09:45"
897,四川推广餐饮外卖无接触取餐柜服务,31,266781,"2021-8-12 09:53"
898,江苏新增38例本土确诊,126,820397,"2021-8-12 10:58"
899,2022年初全球新冠确诊病例或将超3亿,32,378289,"2021-8-12 11:05"
9,东莞女护士雨中抱着核酸样本箱奔跑,147,333394,"2021-6-23 11:27"
90,31省区市新增24例确诊,31,158511,"2021-7-11 10:12"
900,南京新增本土出院病例2例,35,320162,"2021-8-12 11:44"
901,11人冒用他人核酸证明离宁被罚,33,336380,"2021-8-12 11:59"
902,湖南新增确诊病例7例,94,468848,"2021-8-12 12:06"
903,扬州市疫情防控新闻发布会,32,406002,"2021-8-12 12:32"
904,孙颖莎晒隔离日记,178,1129881,"2021-8-12 12:54"
905,扬州第6轮核酸检出2例阳性,31,463894,"2021-8-12 13:08"
906,呼和浩特倡议接种疫苗当日可休假,32,444196,"2021-8-12 13:27"
907,南京一名ICU病房护士确诊,166,1398141,"2021-8-12 13:42"
908,扬州现有3个高风险84个中风险地区,31,443713,"2021-8-12 13:45"
909,全国首例新冠确诊三胞胎孕妇顺利生产,160,2030446,"2021-8-12 14:47"
91,云南新增4例境外输入确诊,31,163121,"2021-7-11 10:36"
910,马龙隔离训练日记,14,306560,"2021-8-12 15:13"
911,扬州270例确诊病例在南京治疗,114,887934,"2021-8-12 15:14"
912,核酸检测流程分几步,31,341986,"2021-8-12 15:27"
913,南京所有成人确诊病例都用了中药治疗,361,4606468,"2021-8-12 15:52"
914,扬州多地调为高风险,31,328423,"2021-8-12 15:58"
915,秋季学期学生返校3条硬性标准,421,1226150,"2021-8-12 17:03"
916,解禁后的成都人,127,322483,"2021-8-12 17:38"
917,广州同和街开展全员核酸检测,33,250881,"2021-8-12 17:57"
918,广州1例入境人员解除隔离后阳性,156,626773,"2021-8-12 18:20"
919,全红婵隔离期超自律,410,2885844,"2021-8-12 18:56"
92,云南新增12例本土确诊,256,489516,"2021-7-11 12:50"
920,马龙樊振东隔离训练视频,315,1739409,"2021-8-12 20:22"
921,郑州新增本土确诊病例3例均是核酸检出,197,897085,"2021-8-12 20:42"
922,成都全市均为低风险地区,104,566447,"2021-8-12 23:39"
923,男子检查窨井盖被隔离14天,143,685221,"2021-8-12 23:52"
924,孙子抱98岁奶奶做核酸,311,4176068,"2021-8-12 23:59"
925,云南瑞丽新冠孕妇诞下三胞胎,77,776192,"2021-8-13 01:16"
926,扬州1天半建成国内最大移动实验室,477,605740,"2021-8-13 09:17"
927,全国中高风险地区一览,52,322179,"2021-8-13 09:23"
928,31省区市新增本土确诊47例,32,381918,"2021-8-13 09:48"
929,河南商丘发现1人新冠阳性,134,1329108,"2021-8-13 09:50"
93,南京疫情,479,1815434,"2021-7-12 17:42"
930,河南疫情,32,382393,"2021-8-13 09:56"
931,扬州新增25例本土确诊病例,33,376531,"2021-8-13 10:00"
932,江苏新增26例本土确诊,70,865146,"2021-8-13 10:34"
933,9图了解变异毒株德尔塔和拉姆达,30,264049,"2021-8-13 11:13"
934,河南新增14例本土确诊病例,154,455326,"2021-8-13 11:57"
935,德尔塔病毒载量是以往毒株1260倍,151,606215,"2021-8-13 12:14"
936,是否需接种疫苗加强针,180,884116,"2021-8-13 12:23"
937,河南新增本土无症状2例,87,470378,"2021-8-13 12:37"
938,女子网上找人开核酸证明被骗6000元,103,432090,"2021-8-13 13:35"
939,扬州累计报告510例本土确诊,76,431129,"2021-8-13 13:35"
94,云南新增1例本土确诊,123,150827,"2021-7-13 09:28"
940,杨倩隔离锻炼视频,368,1193413,"2021-8-13 14:29"
941,全国已有18省48市发生本土疫情,6,245354,"2021-8-13 18:20"
942,南京一幼师确诊,205,2696345,"2021-8-13 18:46"
943,中方对病毒溯源问题的三个反对,124,800241,"2021-8-13 20:25"
944,运动员隔离日记,1,251201,"2021-8-13 21:20"
945,成都熊猫一家雕塑戴口罩了,220,895754,"2021-8-13 21:27"
946,扬州4人防疫不力被处理,115,591073,"2021-8-13 21:34"
947,女子好奇看防疫消杀被喷脸,162,517796,"2021-8-13 22:00"
948,我国新冠疫苗完成全程接种人数超7.77亿,409,1491890,"2021-8-13 22:32"
949,奥运会乒乓球冠军花样隔离训练,198,1405057,"2021-8-13 23:12"
95,江苏新增1例本土确诊,172,577090,"2021-7-13 12:48"
950,女子隔离中收到女儿大学通知书,277,1004928,"2021-8-13 23:21"
951,男子隔着封控区送女友七夕礼物,114,492163,"2021-8-13 23:28"
952,全国现有27地高风险132地中风险,88,321402,"2021-8-14 09:56"
953,山东新增境外输入确诊病例4例,75,411727,"2021-8-14 10:56"
954,31省区市新增30例本土确诊病例,78,342915,"2021-8-14 11:07"
955,曾光称中国不会一直采取清零政策,80,545800,"2021-8-14 12:06"
956,康辉连说3遍戴口罩,310,2044629,"2021-8-14 12:51"
957,这是扬州的24小时,129,329194,"2021-8-14 13:22"
958,江苏新增本土确诊病例18例,260,1182017,"2021-8-14 13:55"
959,商丘虞城疫情管控不力并涉嫌瞒报疫情,115,443479,"2021-8-14 14:02"
96,江苏疫情,221,1705208,"2021-7-13 13:55"
960,国家卫健委发布新版戴口罩指引,138,639966,"2021-8-14 14:52"
961,山东疫情,316,920044,"2021-8-14 15:11"
962,防疫医护结束工作后摆可爱造型,31,760260,"2021-8-14 16:46"
963,教育部门秋季返校最新要求,1052,406235,"2021-8-14 17:31"
964,奥运健儿隔离期间网上开公开课,30,354287,"2021-8-14 19:00"
965,河南灵宝二院10人核酸混检弱阳性,138,1150982,"2021-8-14 19:17"
966,小猫咪提醒您做好疫情防护,135,374894,"2021-8-14 19:55"
967,光疫苗保障中国奥运代表团零感染,112,438659,"2021-8-14 21:03"
968,张家齐的隔离vlog,73,394117,"2021-8-14 21:40"
969,男子误操作定位到阿富汗健康码变红,273,1260405,"2021-8-14 22:14"
97,马来西亚一疫苗接种点200余工作人员确诊,274,1198140,"2021-7-14 12:39"
970,北京健康宝升级啦,27,378305,"2021-8-14 22:26"
971,扬州12人防疫不力被处理,98,316527,"2021-8-15 08:55"
972,江西赣州一份进口榴莲外包装检出阳性,99,341501,"2021-8-15 09:55"
973,扬州未核酸检测将录入失信记录,156,1057279,"2021-8-15 10:13"
974,河南新增5例本土确诊病例,116,434184,"2021-8-15 11:16"
975,江苏新增18例本土确诊病例,160,499925,"2021-8-15 11:57"
976,村民核酸检测太配合致下颌脱落,185,873317,"2021-8-15 11:59"
977,河南商丘确诊病例瞒报行程致疫情反弹,213,853252,"2021-8-15 12:42"
978,扬州新增18例确诊17人来自隔离点,34,319936,"2021-8-15 13:17"
979,郑州中小学开学时间延迟,89,364529,"2021-8-15 13:18"
98,我国新冠疫苗接种超14亿剂次,341,595444,"2021-7-14 21:02"
980,河南商丘新增11例感染者,138,490468,"2021-8-15 14:16"
981,全红婵隔离运动视频,190,605462,"2021-8-15 14:20"
982,炭疽和新冠是同一等级传染病,237,1621247,"2021-8-15 15:36"
983,男子入境23天在浙江检出阳性,171,787865,"2021-8-15 15:40"
984,你的口罩戴对了吗,55,377031,"2021-8-15 16:29"
985,口罩怎样存放更卫生,48,380461,"2021-8-15 16:40"
986,新疆新增3例无症状,164,517230,"2021-8-15 17:27"
987,南京学校开学前15天不得再做核酸检测点,143,770166,"2021-8-15 17:57"
988,身患多种传染病也能办健康证,198,1298897,"2021-8-15 18:15"
989,刘诗雯的隔离训练vlog,199,1073882,"2021-8-15 18:31"
99,云南新增5例本土确诊,137,244850,"2021-7-15 09:32"
990,新冠病毒是否会变得越来越强,189,572534,"2021-8-15 18:39"
991,商丘第一例新冠确诊女孩发声,321,801175,"2021-8-15 20:13"
992,越南一家8口感染新冠同日离世,145,2053634,"2021-8-15 23:59"
993,芦玉菲隔离训练,26,443290,"2021-8-15 23:59"
994,徐嘉余晒隔离晚饭,76,420585,"2021-8-15 23:59"
995,河南虞城8人防疫不力被处理,133,474488,"2021-8-16 09:27"
996,31省区市新增13例本土确诊病例,44,352405,"2021-8-16 10:21"
997,江苏新增6例本土确诊病例,108,541893,"2021-8-16 11:23"
998,河南新增6例本土确诊,124,471511,"2021-8-16 11:38"
999,外婆借做核酸检测带外孙见爸爸,327,1911154,"2021-8-16 16:21"
